{"rgb_000000.jpg": {"93991ebd-2d68-4536-bc45-a285a08b2929": [[389.6470588235294, 179.05759162303664], [491.29411764705884, 188.48167539267016], [502.5882352941176, 258.21989528795814], [391.52941176470586, 248.7958115183246]], "5cc5ffef-3f2b-4da4-b52f-5678c7a7e0a6": [[335.05882352941177, 437.27748691099475], [523.2941176470588, 435.39267015706804], [487.52941176470586, 508.9005235602094], [248.47058823529412, 497.5916230366492]]}, "IMG_4503.JPG": {"247e9ea7-6acd-4e0a-9c34-cd532ac54cdf": [[913.1294117647059, 527.7176470588236], [1577.2235294117647, 527.7176470588236], [1660.235294117647, 1073.2235294117647], [646.3058823529412, 1079.1529411764707]], "5c307ca2-c654-4045-9d16-577245bc3ba6": [[1464.564705882353, 1417.129411764706], [1345.9764705882353, 1624.6588235294118], [2288.752941176471, 1660.235294117647], [2300.6117647058823, 1363.764705882353]]}}