{"rgb_000000.jpg": {"b886a508": [[489.4117647058823, 252.565445026178], [647.5294117647059, 261.9895287958115], [638.1176470588235, 299.68586387434556], [481.88235294117646, 307.22513089005236]], "24b567de": [[237.1764705882353, 424.08376963350787], [361.4117647058823, 399.5811518324607], [372.70588235294116, 497.5916230366492], [229.64705882352942, 533.4031413612565]]}, "IMG_4503.JPG": {"4eef4442": [[1482.3529411764707, 966.4941176470588], [1784.7529411764706, 948.7058823529412], [1855.9058823529413, 1334.1176470588236], [1440.8470588235296, 1286.6823529411765]]}, "IMG_4515.JPG": {"23dd1b84": [[930.9176470588236, 806.4000000000001], [1411.2, 800.4705882352941], [1345.9764705882353, 1067.2941176470588], [853.8352941176471, 1067.2941176470588]], "e86152e7": [[1304.4705882352941, 1162.164705882353], [1826.2588235294118, 1162.164705882353], [1820.329411764706, 1488.2823529411764], [1191.8117647058823, 1488.2823529411764]]}, "IMG_4524.JPG": {}, "ir_000000.tiff": {}}