{"rgb_000000.jpg": {}, "IMG_4503.JPG": {"859ac106": [[1500.1411764705883, 1061.364705882353], [2205.7411764705885, 1013.929411764706], [2176.0941176470587, 1393.4117647058824], [1666.164705882353, 1399.3411764705884]]}, "IMG_4515.JPG": {}, "IMG_4524.JPG": {"eb879cf8": [[776.7529411764706, 1310.4], [1304.4705882352941, 1328.1882352941177], [1233.3176470588237, 1506.0705882352943], [581.0823529411765, 1512.0]], "e70d644b": [[1203.6705882352942, 664.0941176470589], [1938.9176470588236, 729.3176470588236], [1915.2, 954.635294117647], [1405.270588235294, 966.4941176470588]]}, "ir_000000.tiff": {}}