{"rgb_000000.jpg": {"0c67c185": [[370.8235294117647, 205.44502617801047], [474.3529411764706, 203.56020942408378], [476.2352941176471, 226.17801047120417], [359.52941176470586, 233.717277486911]], "167fdd71": [[355.7647058823529, 143.2460732984293], [419.7647058823529, 141.36125654450262], [417.88235294117646, 152.67015706806282], [374.5882352941176, 162.09424083769633]], "6fdd3771": [[391.52941176470586, 60.31413612565445], [453.6470588235294, 73.50785340314135], [457.4117647058823, 98.01047120418848], [384.0, 101.78010471204189]], "6e1ad997": [[581.1632270168856, 201.6], [842.9268292682927, 194.4], [823.7148217636023, 309.59999999999997], [655.609756097561, 302.4]], "27c63c96": [[720.4502814258913, 86.39999999999999], [924.5778611632271, 103.2], [893.3583489681051, 148.79999999999998], [823.7148217636023, 136.79999999999998]], "fa1b5438": [[314.5966228893058, 487.2], [377.0356472795498, 487.2], [372.23264540337715, 523.1999999999999], [309.79362101313325, 523.1999999999999]], "205dad93": [[312.19512195121956, 607.1999999999999], [446.67917448405257, 607.1999999999999], [427.46716697936216, 681.6], [345.8161350844278, 674.4]], "8fab9610": [[593.1707317073171, 640.8], [576.360225140713, 537.6], [650.8067542213885, 537.6], [677.2232645403378, 638.4]], "ad88fff7": [[290, 13], [369, 6], [371, 62], [280, 90]], "42ad589c": [[747, 461], [890, 454], [892, 504], [791, 518]], "657abead": [[72, 655], [104, 636], [107, 702], [77, 700]], "a1316f23": [[599, 166], [476, 185], [339, 189], [324, 173]], "e642a34e": [[295, 180], [321, 300], [416, 298], [473, 296]], "a79b9c27": [[204, 132], [253, 127], [250, 169], [192, 169]], "ea31e8fb": [[430, 396], [546, 385], [548, 456], [423, 455]], "31945ad3": [[536, 314], [570, 311], [563, 349], [510, 347]], "a860f181": [[244, 379], [202, 485], [276, 492], [617, 382]], "63f5ef4e": [[534, 109], [593, 110], [592, 139], [542, 139]], "8efc4058": [[496, 130], [506, 28], [577, 27], [572, 54]]}, "IMG_4503.JPG": {"1fa7865a": [[1185.3854748603353, 650.413407821229], [1455.6871508379888, 653.2290502793296], [1416.268156424581, 791.1955307262571], [1210.7262569832403, 785.5642458100559]], "56bfdaec": [[358, 285], [438, 282], [427, 335], [344, 324]]}}