{"rgb_000000.jpg": [[[370.6122448979592, 153.46938775510205], [479.18367346938777, 144.48979591836735], [474.2857142857143, 224.48979591836735], [371.42857142857144, 227.75510204081633]], [[373.0612244897959, 74.28571428571429], [475.10204081632656, 69.38775510204081], [477.55102040816325, 148.57142857142858], [377.14285714285717, 146.12244897959184]]], "IMG_4503.JPG": [[[1250.145251396648, 670.122905027933], [1599.2849162011173, 672.9385474860336], [1554.2346368715084, 929.1620111731844], [1219.173184357542, 929.1620111731844]]]}