{"rgb_000000.jpg": {"93991ebd-2d68-4536-bc45-a285a08b2929": [[389.6470588235294, 179.05759162303664], [491.29411764705884, 188.48167539267016], [502.5882352941176, 258.21989528795814], [391.52941176470586, 248.7958115183246]]}, "IMG_4503.JPG": {"247e9ea7-6acd-4e0a-9c34-cd532ac54cdf": [[913.1294117647059, 527.7176470588236], [1577.2235294117647, 527.7176470588236], [1660.235294117647, 1073.2235294117647], [646.3058823529412, 1079.1529411764707]]}}